codi_municipi,any,valor_final
08001,1979,
08002,1979,
08014,1979,
08003,1979,
08004,1979,
08006,1979,
08007,1979,
08009,1979,
08008,1979,
08010,1979,
08013,1979,
08012,1979,
08011,1979,
08015,1979,
08904,1979,
08016,1979,
08017,1979,
08018,1979,
08252,1979,
08019,1979,
08020,1979,
08021,1979,
08022,1979,
08023,1979,
08024,1979,
08028,1979,
08029,1979,
08030,1979,
08031,1979,
08034,1979,
08032,1979,
08033,1979,
08035,1979,
08037,1979,
08038,1979,
08036,1979,
08039,1979,
08040,1979,
08041,1979,
08043,1979,
08044,1979,
08045,1979,
08046,1979,
08047,1979,
08048,1979,
08049,1979,
08057,1979,
08052,1979,
08050,1979,
08051,1979,
08053,1979,
08054,1979,
08055,1979,
08056,1979,
08058,1979,
08060,1979,
08059,1979,
08061,1979,
08062,1979,
08063,1979,
08064,1979,
08066,1979,
08065,1979,
08067,1979,
08268,1979,
08266,1979,
08068,1979,
08069,1979,
08070,1979,
08071,1979,
08072,1979,
08073,1979,
08074,1979,
08042,1979,
08075,1979,
08025,1979,
08026,1979,
08118,1979,
08158,1979,
08164,1979,
08182,1979,
08169,1979,
08162,1979,
08170,1979,
08076,1979,
08077,1979,
08134,1979,
08081,1979,
08082,1979,
08083,1979,
08084,1979,
08085,1979,
08080,1979,
08090,1979,
08087,1979,
08089,1979,
08091,1979,
08092,1979,
08093,1979,
08095,1979,
08096,1979,
08097,1979,
08099,1979,
08100,1979,
08102,1979,
08103,1979,
08005,1979,
08078,1979,
08254,1979,
08079,1979,
08101,1979,
08088,1979,
08094,1979,
08104,1979,
08105,1979,
08142,1979,
08905,1979,
08165,1979,
08166,1979,
08177,1979,
08181,1979,
08286,1979,
08027,1979,
08086,1979,
08116,1979,
08117,1979,
08106,1979,
08107,1979,
08108,1979,
08109,1979,
08110,1979,
08111,1979,
08112,1979,
08113,1979,
08242,1979,
08114,1979,
08115,1979,
08119,1979,
08120,1979,
08121,1979,
08122,1979,
08138,1979,
08123,1979,
08124,1979,
08128,1979,
08127,1979,
08125,1979,
08130,1979,
08131,1979,
08126,1979,
08132,1979,
08133,1979,
08135,1979,
08136,1979,
08137,1979,
08129,1979,
08139,1979,
08140,1979,
08141,1979,
08146,1979,
08147,1979,
08148,1979,
08149,1979,
08144,1979,
08145,1979,
08151,1979,
08152,1979,
08150,1979,
08154,1979,
08155,1979,
08156,1979,
08157,1979,
08159,1979,
08160,1979,
08161,1979,
08163,1979,
08167,1979,
08168,1979,
08171,1979,
08230,1979,
08172,1979,
08175,1979,
08174,1979,
08176,1979,
08178,1979,
08179,1979,
08180,1979,
08183,1979,
08185,1979,
08184,1979,
08901,1979,
08187,1979,
08188,1979,
08190,1979,
08191,1979,
08194,1979,
08195,1979,
08197,1979,
08196,1979,
08198,1979,
08199,1979,
08200,1979,
08201,1979,
08203,1979,
08202,1979,
08204,1979,
08206,1979,
08205,1979,
08208,1979,
08207,1979,
08212,1979,
08210,1979,
08211,1979,
08209,1979,
08213,1979,
08215,1979,
08193,1979,
08216,1979,
08217,1979,
08218,1979,
08903,1979,
08220,1979,
08221,1979,
08223,1979,
08222,1979,
08227,1979,
08228,1979,
08225,1979,
08224,1979,
08226,1979,
08229,1979,
08189,1979,
08231,1979,
08232,1979,
08233,1979,
08234,1979,
08235,1979,
08236,1979,
08239,1979,
08237,1979,
08238,1979,
08240,1979,
08241,1979,
08098,1979,
08262,1979,
08264,1979,
08265,1979,
08263,1979,
08243,1979,
08244,1979,
08245,1979,
08246,1979,
08247,1979,
08248,1979,
08249,1979,
08250,1979,
08251,1979,
08258,1979,
08253,1979,
08256,1979,
08255,1979,
08257,1979,
08259,1979,
08260,1979,
08261,1979,
08192,1979,
08267,1979,
08269,1979,
08270,1979,
08271,1979,
08272,1979,
08273,1979,
08274,1979,
08276,1979,
08277,1979,
08278,1979,
08280,1979,
08275,1979,
08281,1979,
08279,1979,
08282,1979,
08283,1979,
08284,1979,
08285,1979,
08287,1979,
08288,1979,
08289,1979,
08290,1979,
08291,1979,
08292,1979,
08293,1979,
08294,1979,
08295,1979,
08296,1979,
08297,1979,
08298,1979,
08299,1979,
08301,1979,
08300,1979,
08305,1979,
08306,1979,
08303,1979,
08302,1979,
08902,1979,
08307,1979,
08214,1979,
08219,1979,
08304,1979,
08308,1979,
08143,1979,
08153,1979,
08001,1983,
08002,1983,
08014,1983,
08003,1983,
08004,1983,
08006,1983,
08007,1983,
08009,1983,
08008,1983,
08010,1983,
08013,1983,
08012,1983,
08011,1983,
08015,1983,
08904,1983,
08016,1983,
08017,1983,
08018,1983,
08252,1983,
08019,1983,
08020,1983,
08021,1983,
08022,1983,
08023,1983,
08024,1983,
08028,1983,
08029,1983,
08030,1983,
08031,1983,
08034,1983,
08032,1983,
08033,1983,
08035,1983,
08037,1983,
08038,1983,
08036,1983,
08039,1983,
08040,1983,
08041,1983,
08043,1983,
08044,1983,
08045,1983,
08046,1983,
08047,1983,
08048,1983,
08049,1983,
08057,1983,
08052,1983,
08050,1983,
08051,1983,
08053,1983,
08054,1983,
08055,1983,
08056,1983,
08058,1983,
08060,1983,
08059,1983,
08061,1983,
08062,1983,
08063,1983,
08064,1983,
08066,1983,
08065,1983,
08067,1983,
08268,1983,
08266,1983,
08068,1983,
08069,1983,
08070,1983,
08071,1983,
08072,1983,
08073,1983,
08074,1983,
08042,1983,
08075,1983,
08025,1983,
08026,1983,
08118,1983,
08158,1983,
08164,1983,
08182,1983,
08169,1983,
08162,1983,
08170,1983,
08076,1983,
08077,1983,
08134,1983,
08081,1983,
08082,1983,
08083,1983,
08084,1983,
08085,1983,
08080,1983,
08090,1983,
08087,1983,
08089,1983,
08091,1983,
08092,1983,
08093,1983,
08095,1983,
08096,1983,
08097,1983,
08099,1983,
08100,1983,
08102,1983,
08103,1983,
08005,1983,
08078,1983,
08254,1983,
08079,1983,
08101,1983,
08088,1983,
08094,1983,
08104,1983,
08105,1983,
08142,1983,
08905,1983,
08165,1983,
08166,1983,
08177,1983,
08181,1983,
08286,1983,
08027,1983,
08086,1983,
08116,1983,
08117,1983,
08106,1983,
08107,1983,
08108,1983,
08109,1983,
08110,1983,
08111,1983,
08112,1983,
08113,1983,
08242,1983,
08114,1983,
08115,1983,
08119,1983,
08120,1983,
08121,1983,
08122,1983,
08138,1983,
08123,1983,
08124,1983,
08128,1983,
08127,1983,
08125,1983,
08130,1983,
08131,1983,
08126,1983,
08132,1983,
08133,1983,
08135,1983,
08136,1983,
08137,1983,
08129,1983,
08139,1983,
08140,1983,
08141,1983,
08146,1983,
08147,1983,
08148,1983,
08149,1983,
08144,1983,
08145,1983,
08151,1983,
08152,1983,
08150,1983,
08154,1983,
08155,1983,
08156,1983,
08157,1983,
08159,1983,
08160,1983,
08161,1983,
08163,1983,
08167,1983,
08168,1983,
08171,1983,
08230,1983,
08172,1983,
08175,1983,
08174,1983,
08176,1983,
08178,1983,
08179,1983,
08180,1983,
08183,1983,
08185,1983,
08184,1983,
08901,1983,
08187,1983,
08188,1983,
08190,1983,
08191,1983,
08194,1983,
08195,1983,
08197,1983,
08196,1983,
08198,1983,
08199,1983,
08200,1983,
08201,1983,
08203,1983,
08202,1983,
08204,1983,
08206,1983,
08205,1983,
08208,1983,
08207,1983,
08212,1983,
08210,1983,
08211,1983,
08209,1983,
08213,1983,
08215,1983,
08193,1983,
08216,1983,
08217,1983,
08218,1983,
08903,1983,
08220,1983,
08221,1983,
08223,1983,
08222,1983,
08227,1983,
08228,1983,
08225,1983,
08224,1983,
08226,1983,
08229,1983,
08189,1983,
08231,1983,
08232,1983,
08233,1983,
08234,1983,
08235,1983,
08236,1983,
08239,1983,
08237,1983,
08238,1983,
08240,1983,
08241,1983,
08098,1983,
08262,1983,
08264,1983,
08265,1983,
08263,1983,
08243,1983,
08244,1983,
08245,1983,
08246,1983,
08247,1983,
08248,1983,
08249,1983,
08250,1983,
08251,1983,
08258,1983,
08253,1983,
08256,1983,
08255,1983,
08257,1983,
08259,1983,
08260,1983,
08261,1983,
08192,1983,
08267,1983,
08269,1983,
08270,1983,
08271,1983,
08272,1983,
08273,1983,
08274,1983,
08276,1983,
08277,1983,
08278,1983,
08280,1983,
08275,1983,
08281,1983,
08279,1983,
08282,1983,
08283,1983,
08284,1983,
08285,1983,
08287,1983,
08288,1983,
08289,1983,
08290,1983,
08291,1983,
08292,1983,
08293,1983,
08294,1983,
08295,1983,
08296,1983,
08297,1983,
08298,1983,
08299,1983,
08301,1983,
08300,1983,
08305,1983,
08306,1983,
08303,1983,
08302,1983,
08902,1983,
08307,1983,
08214,1983,
08219,1983,
08304,1983,
08308,1983,
08143,1983,
08153,1983,
08001,1987,
08002,1987,
08014,1987,
08003,1987,
08004,1987,
08006,1987,
08007,1987,
08009,1987,
08008,1987,
08010,1987,
08013,1987,
08012,1987,
08011,1987,
08015,1987,
08904,1987,
08016,1987,
08017,1987,
08018,1987,
08252,1987,
08019,1987,
08020,1987,
08021,1987,
08022,1987,
08023,1987,
08024,1987,
08028,1987,
08029,1987,
08030,1987,
08031,1987,
08034,1987,
08032,1987,
08033,1987,
08035,1987,
08037,1987,
08038,1987,
08036,1987,
08039,1987,
08040,1987,
08041,1987,
08043,1987,
08044,1987,
08045,1987,
08046,1987,
08047,1987,
08048,1987,
08049,1987,
08057,1987,
08052,1987,
08050,1987,
08051,1987,
08053,1987,
08054,1987,
08055,1987,
08056,1987,
08058,1987,
08060,1987,
08059,1987,
08061,1987,
08062,1987,
08063,1987,
08064,1987,
08066,1987,
08065,1987,
08067,1987,
08268,1987,
08266,1987,
08068,1987,
08069,1987,
08070,1987,
08071,1987,
08072,1987,
08073,1987,
08074,1987,
08042,1987,
08075,1987,
08025,1987,
08026,1987,
08118,1987,
08158,1987,
08164,1987,
08182,1987,
08169,1987,
08162,1987,
08170,1987,
08076,1987,
08077,1987,
08134,1987,
08081,1987,
08082,1987,
08083,1987,
08084,1987,
08085,1987,
08080,1987,
08090,1987,
08087,1987,
08089,1987,
08091,1987,
08092,1987,
08093,1987,
08095,1987,
08096,1987,
08097,1987,
08099,1987,
08100,1987,
08102,1987,
08103,1987,
08005,1987,
08078,1987,
08254,1987,
08079,1987,
08101,1987,
08088,1987,
08094,1987,
08104,1987,
08105,1987,
08142,1987,
08905,1987,
08165,1987,
08166,1987,
08177,1987,
08181,1987,
08286,1987,
08027,1987,
08086,1987,
08116,1987,
08117,1987,
08106,1987,
08107,1987,
08108,1987,
08109,1987,
08110,1987,
08111,1987,
08112,1987,
08113,1987,
08242,1987,
08114,1987,
08115,1987,
08119,1987,
08120,1987,
08121,1987,
08122,1987,
08138,1987,
08123,1987,
08124,1987,
08128,1987,
08127,1987,
08125,1987,
08130,1987,
08131,1987,
08126,1987,
08132,1987,
08133,1987,
08135,1987,
08136,1987,
08137,1987,
08129,1987,
08139,1987,
08140,1987,
08141,1987,
08146,1987,
08147,1987,
08148,1987,
08149,1987,
08144,1987,
08145,1987,
08151,1987,
08152,1987,
08150,1987,
08154,1987,
08155,1987,
08156,1987,
08157,1987,
08159,1987,
08160,1987,
08161,1987,
08163,1987,
08167,1987,
08168,1987,
08171,1987,
08230,1987,
08172,1987,
08175,1987,
08174,1987,
08176,1987,
08178,1987,
08179,1987,
08180,1987,
08183,1987,
08185,1987,
08184,1987,
08901,1987,
08187,1987,
08188,1987,
08190,1987,
08191,1987,
08194,1987,
08195,1987,
08197,1987,
08196,1987,
08198,1987,
08199,1987,
08200,1987,
08201,1987,
08203,1987,
08202,1987,
08204,1987,
08206,1987,
08205,1987,
08208,1987,
08207,1987,
08212,1987,
08210,1987,
08211,1987,
08209,1987,
08213,1987,
08215,1987,
08193,1987,
08216,1987,
08217,1987,
08218,1987,
08903,1987,
08220,1987,
08221,1987,
08223,1987,
08222,1987,
08227,1987,
08228,1987,
08225,1987,
08224,1987,
08226,1987,
08229,1987,
08189,1987,
08231,1987,
08232,1987,
08233,1987,
08234,1987,
08235,1987,
08236,1987,
08239,1987,
08237,1987,
08238,1987,
08240,1987,
08241,1987,
08098,1987,
08262,1987,
08264,1987,
08265,1987,
08263,1987,
08243,1987,
08244,1987,
08245,1987,
08246,1987,
08247,1987,
08248,1987,
08249,1987,
08250,1987,
08251,1987,
08258,1987,
08253,1987,
08256,1987,
08255,1987,
08257,1987,
08259,1987,
08260,1987,
08261,1987,
08192,1987,
08267,1987,
08269,1987,
08270,1987,
08271,1987,
08272,1987,
08273,1987,
08274,1987,
08276,1987,
08277,1987,
08278,1987,
08280,1987,
08275,1987,
08281,1987,
08279,1987,
08282,1987,
08283,1987,
08284,1987,
08285,1987,
08287,1987,
08288,1987,
08289,1987,
08290,1987,
08291,1987,
08292,1987,
08293,1987,
08294,1987,
08295,1987,
08296,1987,
08297,1987,
08298,1987,
08299,1987,
08301,1987,
08300,1987,
08305,1987,
08306,1987,
08303,1987,
08302,1987,
08902,1987,
08307,1987,
08214,1987,
08219,1987,
08304,1987,
08308,1987,
08143,1987,
08153,1987,
08001,1991,
08002,1991,
08014,1991,
08003,1991,
08004,1991,
08006,1991,
08007,1991,
08009,1991,
08008,1991,
08010,1991,
08013,1991,
08012,1991,
08011,1991,
08015,1991,
08904,1991,
08016,1991,
08017,1991,
08018,1991,
08252,1991,
08019,1991,
08020,1991,
08021,1991,
08022,1991,
08023,1991,
08024,1991,
08028,1991,
08029,1991,
08030,1991,
08031,1991,
08034,1991,
08032,1991,
08033,1991,
08035,1991,
08037,1991,
08038,1991,
08036,1991,
08039,1991,
08040,1991,
08041,1991,
08043,1991,
08044,1991,
08045,1991,
08046,1991,
08047,1991,
08048,1991,
08049,1991,
08057,1991,
08052,1991,
08050,1991,
08051,1991,
08053,1991,
08054,1991,
08055,1991,
08056,1991,
08058,1991,
08060,1991,
08059,1991,
08061,1991,
08062,1991,
08063,1991,
08064,1991,
08066,1991,
08065,1991,
08067,1991,
08268,1991,
08266,1991,
08068,1991,
08069,1991,
08070,1991,
08071,1991,
08072,1991,
08073,1991,
08074,1991,
08042,1991,
08075,1991,
08025,1991,
08026,1991,
08118,1991,
08158,1991,
08164,1991,
08182,1991,
08169,1991,
08162,1991,
08170,1991,
08076,1991,
08077,1991,
08134,1991,
08081,1991,
08082,1991,
08083,1991,
08084,1991,
08085,1991,
08080,1991,
08090,1991,
08087,1991,
08089,1991,
08091,1991,
08092,1991,
08093,1991,
08095,1991,
08096,1991,
08097,1991,
08099,1991,
08100,1991,
08102,1991,
08103,1991,
08005,1991,
08078,1991,
08254,1991,
08079,1991,
08101,1991,
08088,1991,
08094,1991,
08104,1991,
08105,1991,
08142,1991,
08905,1991,
08165,1991,
08166,1991,
08177,1991,
08181,1991,
08286,1991,
08027,1991,
08086,1991,
08116,1991,
08117,1991,
08106,1991,
08107,1991,
08108,1991,
08109,1991,
08110,1991,
08111,1991,
08112,1991,
08113,1991,
08242,1991,
08114,1991,
08115,1991,
08119,1991,
08120,1991,
08121,1991,
08122,1991,
08138,1991,
08123,1991,
08124,1991,
08128,1991,
08127,1991,
08125,1991,
08130,1991,
08131,1991,
08126,1991,
08132,1991,
08133,1991,
08135,1991,
08136,1991,
08137,1991,
08129,1991,
08139,1991,
08140,1991,
08141,1991,
08146,1991,
08147,1991,
08148,1991,
08149,1991,
08144,1991,
08145,1991,
08151,1991,
08152,1991,
08150,1991,
08154,1991,
08155,1991,
08156,1991,
08157,1991,
08159,1991,
08160,1991,
08161,1991,
08163,1991,
08167,1991,
08168,1991,
08171,1991,
08230,1991,
08172,1991,
08175,1991,
08174,1991,
08176,1991,
08178,1991,
08179,1991,
08180,1991,
08183,1991,
08185,1991,
08184,1991,
08901,1991,
08187,1991,
08188,1991,
08190,1991,
08191,1991,
08194,1991,
08195,1991,
08197,1991,
08196,1991,
08198,1991,
08199,1991,
08200,1991,
08201,1991,
08203,1991,
08202,1991,
08204,1991,
08206,1991,
08205,1991,
08208,1991,
08207,1991,
08212,1991,
08210,1991,
08211,1991,
08209,1991,
08213,1991,
08215,1991,
08193,1991,
08216,1991,
08217,1991,
08218,1991,
08903,1991,
08220,1991,
08221,1991,
08223,1991,
08222,1991,
08227,1991,
08228,1991,
08225,1991,
08224,1991,
08226,1991,
08229,1991,
08189,1991,
08231,1991,
08232,1991,
08233,1991,
08234,1991,
08235,1991,
08236,1991,
08239,1991,
08237,1991,
08238,1991,
08240,1991,
08241,1991,
08098,1991,
08262,1991,
08264,1991,
08265,1991,
08263,1991,
08243,1991,
08244,1991,
08245,1991,
08246,1991,
08247,1991,
08248,1991,
08249,1991,
08250,1991,
08251,1991,
08258,1991,
08253,1991,
08256,1991,
08255,1991,
08257,1991,
08259,1991,
08260,1991,
08261,1991,
08192,1991,
08267,1991,
08269,1991,
08270,1991,
08271,1991,
08272,1991,
08273,1991,
08274,1991,
08276,1991,
08277,1991,
08278,1991,
08280,1991,
08275,1991,
08281,1991,
08279,1991,
08282,1991,
08283,1991,
08284,1991,
08285,1991,
08287,1991,
08288,1991,
08289,1991,
08290,1991,
08291,1991,
08292,1991,
08293,1991,
08294,1991,
08295,1991,
08296,1991,
08297,1991,
08298,1991,
08299,1991,
08301,1991,
08300,1991,
08305,1991,
08306,1991,
08303,1991,
08302,1991,
08902,1991,
08307,1991,
08214,1991,
08219,1991,
08304,1991,
08308,1991,
08143,1991,
08153,1991,
08001,1995,
08002,1995,
08014,1995,
08003,1995,
08004,1995,
08006,1995,
08007,1995,
08009,1995,
08008,1995,
08010,1995,
08013,1995,
08012,1995,
08011,1995,
08015,1995,
08904,1995,
08016,1995,
08017,1995,
08018,1995,
08252,1995,
08019,1995,
08020,1995,
08021,1995,
08022,1995,
08023,1995,
08024,1995,
08028,1995,
08029,1995,
08030,1995,
08031,1995,
08034,1995,
08032,1995,
08033,1995,
08035,1995,
08037,1995,
08038,1995,
08036,1995,
08039,1995,
08040,1995,
08041,1995,
08043,1995,
08044,1995,
08045,1995,
08046,1995,
08047,1995,
08048,1995,
08049,1995,
08057,1995,
08052,1995,
08050,1995,
08051,1995,
08053,1995,
08054,1995,
08055,1995,
08056,1995,
08058,1995,
08060,1995,
08059,1995,
08061,1995,
08062,1995,
08063,1995,
08064,1995,
08066,1995,
08065,1995,
08067,1995,
08268,1995,
08266,1995,
08068,1995,
08069,1995,
08070,1995,
08071,1995,
08072,1995,
08073,1995,
08074,1995,
08042,1995,
08075,1995,
08025,1995,
08026,1995,
08118,1995,
08158,1995,
08164,1995,
08182,1995,
08169,1995,
08162,1995,
08170,1995,
08076,1995,
08077,1995,
08134,1995,
08081,1995,
08082,1995,
08083,1995,
08084,1995,
08085,1995,
08080,1995,
08090,1995,
08087,1995,
08089,1995,
08091,1995,
08092,1995,
08093,1995,
08095,1995,
08096,1995,
08097,1995,
08099,1995,
08100,1995,
08102,1995,
08103,1995,
08005,1995,
08078,1995,
08254,1995,
08079,1995,
08101,1995,
08088,1995,
08094,1995,
08104,1995,
08105,1995,
08142,1995,
08905,1995,
08165,1995,
08166,1995,
08177,1995,
08181,1995,
08286,1995,
08027,1995,
08086,1995,
08116,1995,
08117,1995,
08106,1995,
08107,1995,
08108,1995,
08109,1995,
08110,1995,
08111,1995,
08112,1995,
08113,1995,
08242,1995,
08114,1995,
08115,1995,
08119,1995,
08120,1995,
08121,1995,
08122,1995,
08138,1995,
08123,1995,
08124,1995,
08128,1995,
08127,1995,
08125,1995,
08130,1995,
08131,1995,
08126,1995,
08132,1995,
08133,1995,
08135,1995,
08136,1995,
08137,1995,
08129,1995,
08139,1995,
08140,1995,
08141,1995,
08146,1995,
08147,1995,
08148,1995,
08149,1995,
08144,1995,
08145,1995,
08151,1995,
08152,1995,
08150,1995,
08154,1995,
08155,1995,
08156,1995,
08157,1995,
08159,1995,
08160,1995,
08161,1995,
08163,1995,
08167,1995,
08168,1995,
08171,1995,
08230,1995,
08172,1995,
08175,1995,
08174,1995,
08176,1995,
08178,1995,
08179,1995,
08180,1995,
08183,1995,
08185,1995,
08184,1995,
08901,1995,
08187,1995,
08188,1995,
08190,1995,
08191,1995,
08194,1995,
08195,1995,
08197,1995,
08196,1995,
08198,1995,
08199,1995,
08200,1995,
08201,1995,
08203,1995,
08202,1995,
08204,1995,
08206,1995,
08205,1995,
08208,1995,
08207,1995,
08212,1995,
08210,1995,
08211,1995,
08209,1995,
08213,1995,
08215,1995,
08193,1995,
08216,1995,
08217,1995,
08218,1995,
08903,1995,
08220,1995,
08221,1995,
08223,1995,
08222,1995,
08227,1995,
08228,1995,
08225,1995,
08224,1995,
08226,1995,
08229,1995,
08189,1995,
08231,1995,
08232,1995,
08233,1995,
08234,1995,
08235,1995,
08236,1995,
08239,1995,
08237,1995,
08238,1995,
08240,1995,
08241,1995,
08098,1995,
08262,1995,
08264,1995,
08265,1995,
08263,1995,
08243,1995,
08244,1995,
08245,1995,
08246,1995,
08247,1995,
08248,1995,
08249,1995,
08250,1995,
08251,1995,
08258,1995,
08253,1995,
08256,1995,
08255,1995,
08257,1995,
08259,1995,
08260,1995,
08261,1995,
08192,1995,
08267,1995,
08269,1995,
08270,1995,
08271,1995,
08272,1995,
08273,1995,
08274,1995,
08276,1995,
08277,1995,
08278,1995,
08280,1995,
08275,1995,
08281,1995,
08279,1995,
08282,1995,
08283,1995,
08284,1995,
08285,1995,
08287,1995,
08288,1995,
08289,1995,
08290,1995,
08291,1995,
08292,1995,
08293,1995,
08294,1995,
08295,1995,
08296,1995,
08297,1995,
08298,1995,
08299,1995,
08301,1995,
08300,1995,
08305,1995,
08306,1995,
08303,1995,
08302,1995,
08902,1995,
08307,1995,
08214,1995,
08219,1995,
08304,1995,
08308,1995,
08143,1995,
08153,1995,
08001,1999,
08002,1999,
08014,1999,
08003,1999,
08004,1999,
08006,1999,
08007,1999,
08009,1999,
08008,1999,
08010,1999,
08013,1999,
08012,1999,
08011,1999,
08015,1999,
08904,1999,
08016,1999,
08017,1999,
08018,1999,
08252,1999,
08019,1999,
08020,1999,
08021,1999,
08022,1999,
08023,1999,
08024,1999,
08028,1999,
08029,1999,
08030,1999,
08031,1999,
08034,1999,
08032,1999,
08033,1999,
08035,1999,
08037,1999,
08038,1999,
08036,1999,
08039,1999,
08040,1999,
08041,1999,
08043,1999,
08044,1999,
08045,1999,
08046,1999,
08047,1999,
08048,1999,
08049,1999,
08057,1999,
08052,1999,
08050,1999,
08051,1999,
08053,1999,
08054,1999,
08055,1999,
08056,1999,
08058,1999,
08060,1999,
08059,1999,
08061,1999,
08062,1999,
08063,1999,
08064,1999,
08066,1999,
08065,1999,
08067,1999,
08268,1999,
08266,1999,
08068,1999,
08069,1999,
08070,1999,
08071,1999,
08072,1999,
08073,1999,
08074,1999,
08042,1999,
08075,1999,
08025,1999,
08026,1999,
08118,1999,
08158,1999,
08164,1999,
08182,1999,
08169,1999,
08162,1999,
08170,1999,
08076,1999,
08077,1999,
08134,1999,
08081,1999,
08082,1999,
08083,1999,
08084,1999,
08085,1999,
08080,1999,
08090,1999,
08087,1999,
08089,1999,
08091,1999,
08092,1999,
08093,1999,
08095,1999,
08096,1999,
08097,1999,
08099,1999,
08100,1999,
08102,1999,
08103,1999,
08005,1999,
08078,1999,
08254,1999,
08079,1999,
08101,1999,
08088,1999,
08094,1999,
08104,1999,
08105,1999,
08142,1999,
08905,1999,
08165,1999,
08166,1999,
08177,1999,
08181,1999,
08286,1999,
08027,1999,
08086,1999,
08116,1999,
08117,1999,
08106,1999,
08107,1999,
08108,1999,
08109,1999,
08110,1999,
08111,1999,
08112,1999,
08113,1999,
08242,1999,
08114,1999,
08115,1999,
08119,1999,
08120,1999,
08121,1999,
08122,1999,
08138,1999,
08123,1999,
08124,1999,
08128,1999,
08127,1999,
08125,1999,
08130,1999,
08131,1999,
08126,1999,
08132,1999,
08133,1999,
08135,1999,
08136,1999,
08137,1999,
08129,1999,
08139,1999,
08140,1999,
08141,1999,
08146,1999,
08147,1999,
08148,1999,
08149,1999,
08144,1999,
08145,1999,
08151,1999,
08152,1999,
08150,1999,
08154,1999,
08155,1999,
08156,1999,
08157,1999,
08159,1999,
08160,1999,
08161,1999,
08163,1999,
08167,1999,
08168,1999,
08171,1999,
08230,1999,
08172,1999,
08175,1999,
08174,1999,
08176,1999,
08178,1999,
08179,1999,
08180,1999,
08183,1999,
08185,1999,
08184,1999,
08901,1999,
08187,1999,
08188,1999,
08190,1999,
08191,1999,
08194,1999,
08195,1999,
08197,1999,
08196,1999,
08198,1999,
08199,1999,
08200,1999,
08201,1999,
08203,1999,
08202,1999,
08204,1999,
08206,1999,
08205,1999,
08208,1999,
08207,1999,
08212,1999,
08210,1999,
08211,1999,
08209,1999,
08213,1999,
08215,1999,
08193,1999,
08216,1999,
08217,1999,
08218,1999,
08903,1999,
08220,1999,
08221,1999,
08223,1999,
08222,1999,
08227,1999,
08228,1999,
08225,1999,
08224,1999,
08226,1999,
08229,1999,
08189,1999,
08231,1999,
08232,1999,
08233,1999,
08234,1999,
08235,1999,
08236,1999,
08239,1999,
08237,1999,
08238,1999,
08240,1999,
08241,1999,
08098,1999,
08262,1999,
08264,1999,
08265,1999,
08263,1999,
08243,1999,
08244,1999,
08245,1999,
08246,1999,
08247,1999,
08248,1999,
08249,1999,
08250,1999,
08251,1999,
08258,1999,
08253,1999,
08256,1999,
08255,1999,
08257,1999,
08259,1999,
08260,1999,
08261,1999,
08192,1999,
08267,1999,
08269,1999,
08270,1999,
08271,1999,
08272,1999,
08273,1999,
08274,1999,
08276,1999,
08277,1999,
08278,1999,
08280,1999,
08275,1999,
08281,1999,
08279,1999,
08282,1999,
08283,1999,
08284,1999,
08285,1999,
08287,1999,
08288,1999,
08289,1999,
08290,1999,
08291,1999,
08292,1999,
08293,1999,
08294,1999,
08295,1999,
08296,1999,
08297,1999,
08298,1999,
08299,1999,
08301,1999,
08300,1999,
08305,1999,
08306,1999,
08303,1999,
08302,1999,
08902,1999,
08307,1999,
08214,1999,
08219,1999,
08304,1999,
08308,1999,
08143,1999,
08153,1999,
08001,2003,
08002,2003,
08014,2003,
08003,2003,
08004,2003,
08006,2003,
08007,2003,
08009,2003,
08008,2003,
08010,2003,
08013,2003,
08012,2003,
08011,2003,
08015,2003,
08904,2003,
08016,2003,
08017,2003,
08018,2003,
08252,2003,
08019,2003,
08020,2003,
08021,2003,
08022,2003,
08023,2003,
08024,2003,
08028,2003,
08029,2003,
08030,2003,
08031,2003,
08034,2003,
08032,2003,
08033,2003,
08035,2003,
08037,2003,
08038,2003,
08036,2003,
08039,2003,
08040,2003,
08041,2003,
08043,2003,
08044,2003,
08045,2003,
08046,2003,
08047,2003,
08048,2003,
08049,2003,
08057,2003,
08052,2003,
08050,2003,
08051,2003,
08053,2003,
08054,2003,
08055,2003,
08056,2003,
08058,2003,
08060,2003,
08059,2003,
08061,2003,
08062,2003,
08063,2003,
08064,2003,
08066,2003,
08065,2003,
08067,2003,
08268,2003,
08266,2003,
08068,2003,
08069,2003,
08070,2003,
08071,2003,
08072,2003,
08073,2003,
08074,2003,
08042,2003,
08075,2003,
08025,2003,
08026,2003,
08118,2003,
08158,2003,
08164,2003,
08182,2003,
08169,2003,
08162,2003,
08170,2003,
08076,2003,
08077,2003,
08134,2003,
08081,2003,
08082,2003,
08083,2003,
08084,2003,
08085,2003,
08080,2003,
08090,2003,
08087,2003,
08089,2003,
08091,2003,
08092,2003,
08093,2003,
08095,2003,
08096,2003,
08097,2003,
08099,2003,
08100,2003,
08102,2003,
08103,2003,
08005,2003,
08078,2003,
08254,2003,
08079,2003,
08101,2003,
08088,2003,
08094,2003,
08104,2003,
08105,2003,
08142,2003,
08905,2003,
08165,2003,
08166,2003,
08177,2003,
08181,2003,
08286,2003,
08027,2003,
08086,2003,
08116,2003,
08117,2003,
08106,2003,
08107,2003,
08108,2003,
08109,2003,
08110,2003,
08111,2003,
08112,2003,
08113,2003,
08242,2003,
08114,2003,
08115,2003,
08119,2003,
08120,2003,
08121,2003,
08122,2003,
08138,2003,
08123,2003,
08124,2003,
08128,2003,
08127,2003,
08125,2003,
08130,2003,
08131,2003,
08126,2003,
08132,2003,
08133,2003,
08135,2003,
08136,2003,
08137,2003,
08129,2003,
08139,2003,
08140,2003,
08141,2003,
08146,2003,
08147,2003,
08148,2003,
08149,2003,
08144,2003,
08145,2003,
08151,2003,
08152,2003,
08150,2003,
08154,2003,
08155,2003,
08156,2003,
08157,2003,
08159,2003,
08160,2003,
08161,2003,
08163,2003,
08167,2003,
08168,2003,
08171,2003,
08230,2003,
08172,2003,
08175,2003,
08174,2003,
08176,2003,
08178,2003,
08179,2003,
08180,2003,
08183,2003,
08185,2003,
08184,2003,
08901,2003,
08187,2003,
08188,2003,
08190,2003,
08191,2003,
08194,2003,
08195,2003,
08197,2003,
08196,2003,
08198,2003,
08199,2003,
08200,2003,
08201,2003,
08203,2003,
08202,2003,
08204,2003,
08206,2003,
08205,2003,
08208,2003,
08207,2003,
08212,2003,
08210,2003,
08211,2003,
08209,2003,
08213,2003,
08215,2003,
08193,2003,
08216,2003,
08217,2003,
08218,2003,
08903,2003,
08220,2003,
08221,2003,
08223,2003,
08222,2003,
08227,2003,
08228,2003,
08225,2003,
08224,2003,
08226,2003,
08229,2003,
08189,2003,
08231,2003,
08232,2003,
08233,2003,
08234,2003,
08235,2003,
08236,2003,
08239,2003,
08237,2003,
08238,2003,
08240,2003,
08241,2003,
08098,2003,
08262,2003,
08264,2003,
08265,2003,
08263,2003,
08243,2003,
08244,2003,
08245,2003,
08246,2003,
08247,2003,
08248,2003,
08249,2003,
08250,2003,
08251,2003,
08258,2003,
08253,2003,
08256,2003,
08255,2003,
08257,2003,
08259,2003,
08260,2003,
08261,2003,
08192,2003,
08267,2003,
08269,2003,
08270,2003,
08271,2003,
08272,2003,
08273,2003,
08274,2003,
08276,2003,
08277,2003,
08278,2003,
08280,2003,
08275,2003,
08281,2003,
08279,2003,
08282,2003,
08283,2003,
08284,2003,
08285,2003,
08287,2003,
08288,2003,
08289,2003,
08290,2003,
08291,2003,
08292,2003,
08293,2003,
08294,2003,
08295,2003,
08296,2003,
08297,2003,
08298,2003,
08299,2003,
08301,2003,
08300,2003,
08305,2003,
08306,2003,
08303,2003,
08302,2003,
08902,2003,
08307,2003,
08214,2003,
08219,2003,
08304,2003,
08308,2003,
08143,2003,
08153,2003,
08001,2007,
08002,2007,
08014,2007,
08003,2007,
08004,2007,
08006,2007,
08007,2007,
08009,2007,
08008,2007,
08010,2007,
08013,2007,
08012,2007,
08011,2007,
08015,2007,
08904,2007,
08016,2007,
08017,2007,
08018,2007,
08252,2007,
08019,2007,
08020,2007,
08021,2007,
08022,2007,
08023,2007,
08024,2007,
08028,2007,
08029,2007,
08030,2007,
08031,2007,
08034,2007,
08032,2007,
08033,2007,
08035,2007,
08037,2007,
08038,2007,
08036,2007,
08039,2007,
08040,2007,
08041,2007,
08043,2007,
08044,2007,
08045,2007,
08046,2007,
08047,2007,
08048,2007,
08049,2007,
08057,2007,
08052,2007,
08050,2007,
08051,2007,
08053,2007,
08054,2007,
08055,2007,
08056,2007,
08058,2007,
08060,2007,
08059,2007,
08061,2007,
08062,2007,
08063,2007,
08064,2007,
08066,2007,
08065,2007,
08067,2007,
08268,2007,
08266,2007,
08068,2007,
08069,2007,
08070,2007,
08071,2007,
08072,2007,
08073,2007,
08074,2007,
08042,2007,
08075,2007,
08025,2007,
08026,2007,
08118,2007,
08158,2007,
08164,2007,
08182,2007,
08169,2007,
08162,2007,
08170,2007,
08076,2007,
08077,2007,
08134,2007,
08081,2007,
08082,2007,
08083,2007,
08084,2007,
08085,2007,
08080,2007,
08090,2007,
08087,2007,
08089,2007,
08091,2007,
08092,2007,
08093,2007,
08095,2007,
08096,2007,
08097,2007,
08099,2007,
08100,2007,
08102,2007,
08103,2007,
08005,2007,
08078,2007,
08254,2007,
08079,2007,
08101,2007,
08088,2007,
08094,2007,
08104,2007,
08105,2007,
08142,2007,
08905,2007,
08165,2007,
08166,2007,
08177,2007,
08181,2007,
08286,2007,
08027,2007,
08086,2007,
08116,2007,
08117,2007,
08106,2007,
08107,2007,
08108,2007,
08109,2007,
08110,2007,
08111,2007,
08112,2007,
08113,2007,
08242,2007,
08114,2007,
08115,2007,
08119,2007,
08120,2007,
08121,2007,
08122,2007,
08138,2007,
08123,2007,
08124,2007,
08128,2007,
08127,2007,
08125,2007,
08130,2007,
08131,2007,
08126,2007,
08132,2007,
08133,2007,
08135,2007,
08136,2007,
08137,2007,
08129,2007,
08139,2007,
08140,2007,
08141,2007,
08146,2007,
08147,2007,
08148,2007,
08149,2007,
08144,2007,
08145,2007,
08151,2007,
08152,2007,
08150,2007,
08154,2007,
08155,2007,
08156,2007,
08157,2007,
08159,2007,
08160,2007,
08161,2007,
08163,2007,
08167,2007,
08168,2007,
08171,2007,
08230,2007,
08172,2007,
08175,2007,
08174,2007,
08176,2007,
08178,2007,
08179,2007,
08180,2007,
08183,2007,
08185,2007,
08184,2007,
08901,2007,
08187,2007,
08188,2007,
08190,2007,
08191,2007,
08194,2007,
08195,2007,
08197,2007,
08196,2007,
08198,2007,
08199,2007,
08200,2007,
08201,2007,
08203,2007,
08202,2007,
08204,2007,
08206,2007,
08205,2007,
08208,2007,
08207,2007,
08212,2007,
08210,2007,
08211,2007,
08209,2007,
08213,2007,
08215,2007,
08193,2007,
08216,2007,
08217,2007,
08218,2007,
08903,2007,
08220,2007,
08221,2007,
08223,2007,
08222,2007,
08227,2007,
08228,2007,
08225,2007,
08224,2007,
08226,2007,
08229,2007,
08189,2007,
08231,2007,
08232,2007,
08233,2007,
08234,2007,
08235,2007,
08236,2007,
08239,2007,
08237,2007,
08238,2007,
08240,2007,
08241,2007,
08098,2007,
08262,2007,
08264,2007,
08265,2007,
08263,2007,
08243,2007,
08244,2007,
08245,2007,
08246,2007,
08247,2007,
08248,2007,
08249,2007,
08250,2007,
08251,2007,
08258,2007,
08253,2007,
08256,2007,
08255,2007,
08257,2007,
08259,2007,
08260,2007,
08261,2007,
08192,2007,
08267,2007,
08269,2007,
08270,2007,
08271,2007,
08272,2007,
08273,2007,
08274,2007,
08276,2007,
08277,2007,
08278,2007,
08280,2007,
08275,2007,
08281,2007,
08279,2007,
08282,2007,
08283,2007,
08284,2007,
08285,2007,
08287,2007,
08288,2007,
08289,2007,
08290,2007,
08291,2007,
08292,2007,
08293,2007,
08294,2007,
08295,2007,
08296,2007,
08297,2007,
08298,2007,
08299,2007,
08301,2007,
08300,2007,
08305,2007,
08306,2007,
08303,2007,
08302,2007,
08902,2007,
08307,2007,
08214,2007,
08219,2007,
08304,2007,
08308,2007,
08143,2007,
08153,2007,
08001,2011,
08002,2011,
08014,2011,
08003,2011,
08004,2011,
08006,2011,
08007,2011,
08009,2011,
08008,2011,
08010,2011,
08013,2011,
08012,2011,
08011,2011,
08015,2011,
08904,2011,
08016,2011,
08017,2011,
08018,2011,
08252,2011,
08019,2011,
08020,2011,
08021,2011,
08022,2011,
08023,2011,
08024,2011,
08028,2011,
08029,2011,
08030,2011,
08031,2011,
08034,2011,
08032,2011,
08033,2011,
08035,2011,
08037,2011,
08038,2011,
08036,2011,
08039,2011,
08040,2011,
08041,2011,
08043,2011,
08044,2011,
08045,2011,
08046,2011,
08047,2011,
08048,2011,
08049,2011,
08057,2011,
08052,2011,
08050,2011,
08051,2011,
08053,2011,
08054,2011,
08055,2011,
08056,2011,
08058,2011,
08060,2011,
08059,2011,
08061,2011,
08062,2011,
08063,2011,
08064,2011,
08066,2011,
08065,2011,
08067,2011,
08268,2011,
08266,2011,
08068,2011,
08069,2011,
08070,2011,
08071,2011,
08072,2011,
08073,2011,
08074,2011,
08042,2011,
08075,2011,
08025,2011,
08026,2011,
08118,2011,
08158,2011,
08164,2011,
08182,2011,
08169,2011,
08162,2011,
08170,2011,
08076,2011,
08077,2011,
08134,2011,
08081,2011,
08082,2011,
08083,2011,
08084,2011,
08085,2011,
08080,2011,
08090,2011,
08087,2011,
08089,2011,
08091,2011,
08092,2011,
08093,2011,
08095,2011,
08096,2011,
08097,2011,
08099,2011,
08100,2011,
08102,2011,
08103,2011,
08005,2011,
08078,2011,
08254,2011,
08079,2011,
08101,2011,
08088,2011,
08094,2011,
08104,2011,
08105,2011,
08142,2011,
08905,2011,
08165,2011,
08166,2011,
08177,2011,
08181,2011,
08286,2011,
08027,2011,
08086,2011,
08116,2011,
08117,2011,
08106,2011,
08107,2011,
08108,2011,
08109,2011,
08110,2011,
08111,2011,
08112,2011,
08113,2011,
08242,2011,
08114,2011,
08115,2011,
08119,2011,
08120,2011,
08121,2011,
08122,2011,
08138,2011,
08123,2011,
08124,2011,
08128,2011,
08127,2011,
08125,2011,
08130,2011,
08131,2011,
08126,2011,
08132,2011,
08133,2011,
08135,2011,
08136,2011,
08137,2011,
08129,2011,
08139,2011,
08140,2011,
08141,2011,
08146,2011,
08147,2011,
08148,2011,
08149,2011,
08144,2011,
08145,2011,
08151,2011,
08152,2011,
08150,2011,
08154,2011,
08155,2011,
08156,2011,
08157,2011,
08159,2011,
08160,2011,
08161,2011,
08163,2011,
08167,2011,
08168,2011,
08171,2011,
08230,2011,
08172,2011,
08175,2011,
08174,2011,
08176,2011,
08178,2011,
08179,2011,
08180,2011,
08183,2011,
08185,2011,
08184,2011,
08901,2011,
08187,2011,
08188,2011,
08190,2011,
08191,2011,
08194,2011,
08195,2011,
08197,2011,
08196,2011,
08198,2011,
08199,2011,
08200,2011,
08201,2011,
08203,2011,
08202,2011,
08204,2011,
08206,2011,
08205,2011,
08208,2011,
08207,2011,
08212,2011,
08210,2011,
08211,2011,
08209,2011,
08213,2011,
08215,2011,
08193,2011,
08216,2011,
08217,2011,
08218,2011,
08903,2011,
08220,2011,
08221,2011,
08223,2011,
08222,2011,
08227,2011,
08228,2011,
08225,2011,
08224,2011,
08226,2011,
08229,2011,
08189,2011,
08231,2011,
08232,2011,
08233,2011,
08234,2011,
08235,2011,
08236,2011,
08239,2011,
08237,2011,
08238,2011,
08240,2011,
08241,2011,
08098,2011,
08262,2011,
08264,2011,
08265,2011,
08263,2011,
08243,2011,
08244,2011,
08245,2011,
08246,2011,
08247,2011,
08248,2011,
08249,2011,
08250,2011,
08251,2011,
08258,2011,
08253,2011,
08256,2011,
08255,2011,
08257,2011,
08259,2011,
08260,2011,
08261,2011,
08192,2011,
08267,2011,
08269,2011,
08270,2011,
08271,2011,
08272,2011,
08273,2011,
08274,2011,
08276,2011,
08277,2011,
08278,2011,
08280,2011,
08275,2011,
08281,2011,
08279,2011,
08282,2011,
08283,2011,
08284,2011,
08285,2011,
08287,2011,
08288,2011,
08289,2011,
08290,2011,
08291,2011,
08292,2011,
08293,2011,
08294,2011,
08295,2011,
08296,2011,
08297,2011,
08298,2011,
08299,2011,
08301,2011,
08300,2011,
08305,2011,
08306,2011,
08303,2011,
08302,2011,
08902,2011,
08307,2011,
08214,2011,
08219,2011,
08304,2011,
08308,2011,
08143,2011,
08153,2011,
08001,2015,
08002,2015,
08014,2015,
08003,2015,
08004,2015,
08006,2015,
08007,2015,
08009,2015,
08008,2015,
08010,2015,
08013,2015,
08012,2015,
08011,2015,
08015,2015,
08904,2015,
08016,2015,
08017,2015,
08018,2015,
08252,2015,
08019,2015,
08020,2015,
08021,2015,
08022,2015,
08023,2015,
08024,2015,
08028,2015,
08029,2015,
08030,2015,
08031,2015,
08034,2015,
08032,2015,
08033,2015,
08035,2015,
08037,2015,
08038,2015,
08036,2015,
08039,2015,
08040,2015,
08041,2015,
08043,2015,
08044,2015,
08045,2015,
08046,2015,
08047,2015,
08048,2015,
08049,2015,
08057,2015,
08052,2015,
08050,2015,
08051,2015,
08053,2015,
08054,2015,
08055,2015,
08056,2015,
08058,2015,
08060,2015,
08059,2015,
08061,2015,
08062,2015,
08063,2015,
08064,2015,
08066,2015,
08065,2015,
08067,2015,
08268,2015,
08266,2015,
08068,2015,
08069,2015,
08070,2015,
08071,2015,
08072,2015,
08073,2015,
08074,2015,
08042,2015,
08075,2015,
08025,2015,
08026,2015,
08118,2015,
08158,2015,
08164,2015,
08182,2015,
08169,2015,
08162,2015,
08170,2015,
08076,2015,
08077,2015,
08134,2015,
08081,2015,
08082,2015,
08083,2015,
08084,2015,
08085,2015,
08080,2015,
08090,2015,
08087,2015,
08089,2015,
08091,2015,
08092,2015,
08093,2015,
08095,2015,
08096,2015,
08097,2015,
08099,2015,
08100,2015,
08102,2015,
08103,2015,
08005,2015,
08078,2015,
08254,2015,
08079,2015,
08101,2015,
08088,2015,
08094,2015,
08104,2015,
08105,2015,
08142,2015,
08905,2015,
08165,2015,
08166,2015,
08177,2015,
08181,2015,
08286,2015,
08027,2015,
08086,2015,
08116,2015,
08117,2015,
08106,2015,
08107,2015,
08108,2015,
08109,2015,
08110,2015,
08111,2015,
08112,2015,
08113,2015,
08242,2015,
08114,2015,
08115,2015,
08119,2015,
08120,2015,
08121,2015,
08122,2015,
08138,2015,
08123,2015,
08124,2015,
08128,2015,
08127,2015,
08125,2015,
08130,2015,
08131,2015,
08126,2015,
08132,2015,
08133,2015,
08135,2015,
08136,2015,
08137,2015,
08129,2015,
08139,2015,
08140,2015,
08141,2015,
08146,2015,
08147,2015,
08148,2015,
08149,2015,
08144,2015,
08145,2015,
08151,2015,
08152,2015,
08150,2015,
08154,2015,
08155,2015,
08156,2015,
08157,2015,
08159,2015,
08160,2015,
08161,2015,
08163,2015,
08167,2015,
08168,2015,
08171,2015,
08230,2015,
08172,2015,
08175,2015,
08174,2015,
08176,2015,
08178,2015,
08179,2015,
08180,2015,
08183,2015,
08185,2015,
08184,2015,
08901,2015,
08187,2015,
08188,2015,
08190,2015,
08191,2015,
08194,2015,
08195,2015,
08197,2015,
08196,2015,
08198,2015,
08199,2015,
08200,2015,
08201,2015,
08203,2015,
08202,2015,
08204,2015,
08206,2015,
08205,2015,
08208,2015,
08207,2015,
08212,2015,
08210,2015,
08211,2015,
08209,2015,
08213,2015,
08215,2015,
08193,2015,
08216,2015,
08217,2015,
08218,2015,
08903,2015,
08220,2015,
08221,2015,
08223,2015,
08222,2015,
08227,2015,
08228,2015,
08225,2015,
08224,2015,
08226,2015,
08229,2015,
08189,2015,
08231,2015,
08232,2015,
08233,2015,
08234,2015,
08235,2015,
08236,2015,
08239,2015,
08237,2015,
08238,2015,
08240,2015,
08241,2015,
08098,2015,
08262,2015,
08264,2015,
08265,2015,
08263,2015,
08243,2015,
08244,2015,
08245,2015,
08246,2015,
08247,2015,
08248,2015,
08249,2015,
08250,2015,
08251,2015,
08258,2015,
08253,2015,
08256,2015,
08255,2015,
08257,2015,
08259,2015,
08260,2015,
08261,2015,
08192,2015,
08267,2015,
08269,2015,
08270,2015,
08271,2015,
08272,2015,
08273,2015,
08274,2015,
08276,2015,
08277,2015,
08278,2015,
08280,2015,
08275,2015,
08281,2015,
08279,2015,
08282,2015,
08283,2015,
08284,2015,
08285,2015,
08287,2015,
08288,2015,
08289,2015,
08290,2015,
08291,2015,
08292,2015,
08293,2015,
08294,2015,
08295,2015,
08296,2015,
08297,2015,
08298,2015,
08299,2015,
08301,2015,
08300,2015,
08305,2015,
08306,2015,
08303,2015,
08302,2015,
08902,2015,
08307,2015,
08214,2015,
08219,2015,
08304,2015,
08308,2015,
08143,2015,
08153,2015,
08001,2019,"47,37"
08002,2019,"40,00"
08014,2019,"36,36"
08003,2019,"57,14"
08004,2019,"71,43"
08006,2019,"50,00"
08007,2019,"53,85"
08009,2019,"35,00"
08008,2019,"60,00"
08010,2019,"33,33"
08013,2019,"33,33"
08012,2019,"54,55"
08011,2019,"40,00"
08015,2019,"48,39"
08904,2019,"52,94"
08016,2019,"36,36"
08017,2019,"40,00"
08018,2019,"45,45"
08252,2019,"42,86"
08019,2019,"45,45"
08020,2019,"58,33"
08021,2019,"0,00"
08022,2019,"35,29"
08023,2019,"30,77"
08024,2019,"42,86"
08028,2019,"12,50"
08029,2019,"50,00"
08030,2019,"61,54"
08031,2019,"50,00"
08034,2019,"57,14"
08032,2019,"20,00"
08033,2019,"41,18"
08035,2019,"43,75"
08037,2019,"25,00"
08038,2019,"70,00"
08036,2019,"20,00"
08039,2019,"33,33"
08040,2019,"62,50"
08041,2019,"47,06"
08043,2019,"36,36"
08044,2019,"42,86"
08045,2019,"66,67"
08046,2019,"37,50"
08047,2019,"45,45"
08048,2019,"37,50"
08049,2019,"22,22"
08057,2019,"0,00"
08052,2019,"40,00"
08050,2019,"20,00"
08051,2019,"50,00"
08053,2019,"63,64"
08054,2019,"58,82"
08055,2019,"57,14"
08056,2019,"44,00"
08058,2019,"36,36"
08060,2019,"0,00"
08059,2019,"28,57"
08061,2019,"70,00"
08062,2019,"62,50"
08063,2019,"28,57"
08064,2019,"16,67"
08066,2019,"55,56"
08065,2019,"55,56"
08067,2019,"70,00"
08268,2019,"11,11"
08266,2019,"50,00"
08068,2019,"46,15"
08069,2019,"60,00"
08070,2019,"57,14"
08071,2019,"42,86"
08072,2019,"52,94"
08073,2019,"50,00"
08074,2019,"50,00"
08042,2019,"45,45"
08075,2019,"46,15"
08025,2019,"54,55"
08026,2019,"28,57"
08118,2019,"47,62"
08158,2019,"70,00"
08164,2019,"55,56"
08182,2019,"45,45"
08169,2019,"44,00"
08162,2019,"45,45"
08170,2019,"71,43"
08076,2019,"36,36"
08077,2019,"47,62"
08134,2019,"55,56"
08081,2019,"16,67"
08082,2019,"33,33"
08083,2019,"40,00"
08084,2019,"44,44"
08085,2019,"37,50"
08080,2019,"0,00"
08090,2019,"50,00"
08087,2019,"20,00"
08089,2019,"45,45"
08091,2019,"53,85"
08092,2019,"36,36"
08093,2019,"0,00"
08095,2019,"33,33"
08096,2019,"50,00"
08097,2019,"44,44"
08099,2019,"37,50"
08100,2019,"40,00"
08102,2019,"44,00"
08103,2019,"57,14"
08005,2019,"46,15"
08078,2019,"42,86"
08254,2019,"40,00"
08079,2019,"28,57"
08101,2019,"80,00"
08088,2019,"46,67"
08094,2019,"45,45"
08104,2019,"25,00"
08105,2019,"47,06"
08142,2019,"40,00"
08905,2019,"54,55"
08165,2019,"66,67"
08166,2019,"11,11"
08177,2019,"100,00"
08181,2019,"47,06"
08286,2019,"36,36"
08027,2019,"20,00"
08086,2019,"37,50"
08116,2019,"40,00"
08117,2019,"28,57"
08106,2019,"42,86"
08107,2019,"41,18"
08108,2019,"41,67"
08109,2019,"71,43"
08110,2019,"41,18"
08111,2019,"71,43"
08112,2019,"37,50"
08113,2019,"44,00"
08242,2019,"28,57"
08114,2019,"44,00"
08115,2019,"50,00"
08119,2019,"38,46"
08120,2019,"46,15"
08121,2019,"51,72"
08122,2019,"45,45"
08138,2019,"46,15"
08123,2019,"45,00"
08124,2019,"50,00"
08128,2019,"50,00"
08127,2019,"50,00"
08125,2019,"52,38"
08130,2019,"40,00"
08131,2019,"50,00"
08126,2019,"50,00"
08132,2019,"33,33"
08133,2019,"25,00"
08135,2019,"50,00"
08136,2019,"42,11"
08137,2019,"0,00"
08129,2019,"50,00"
08139,2019,"25,00"
08140,2019,"46,15"
08141,2019,"42,86"
08146,2019,"37,50"
08147,2019,"36,36"
08148,2019,"40,00"
08149,2019,"33,33"
08144,2019,"57,14"
08145,2019,"50,00"
08151,2019,"28,57"
08152,2019,"40,00"
08150,2019,"66,67"
08154,2019,"14,29"
08155,2019,"46,15"
08156,2019,"35,29"
08157,2019,"42,86"
08159,2019,"60,00"
08160,2019,"0,00"
08161,2019,"41,18"
08163,2019,"59,09"
08167,2019,"53,85"
08168,2019,"28,57"
08171,2019,"41,67"
08230,2019,"35,29"
08172,2019,"47,83"
08175,2019,"50,00"
08174,2019,"50,00"
08176,2019,"20,00"
08178,2019,"28,57"
08179,2019,"42,86"
08180,2019,"40,91"
08183,2019,"38,46"
08185,2019,"75,00"
08184,2019,"42,31"
08901,2019,"42,86"
08187,2019,"48,15"
08188,2019,"40,00"
08190,2019,"16,67"
08191,2019,"57,14"
08194,2019,"47,62"
08195,2019,"33,33"
08197,2019,"35,29"
08196,2019,"40,91"
08198,2019,"46,15"
08199,2019,"28,57"
08200,2019,"40,00"
08201,2019,"42,86"
08203,2019,"54,55"
08202,2019,"52,94"
08204,2019,"50,00"
08206,2019,"42,86"
08205,2019,"50,00"
08208,2019,"53,85"
08207,2019,"54,55"
08212,2019,"37,50"
08210,2019,"33,33"
08211,2019,"55,00"
08209,2019,"46,15"
08213,2019,"42,86"
08215,2019,"54,55"
08193,2019,"33,33"
08216,2019,"33,33"
08217,2019,"36,36"
08218,2019,"47,06"
08903,2019,"20,00"
08220,2019,"45,45"
08221,2019,"36,84"
08223,2019,"45,45"
08222,2019,"45,45"
08227,2019,"25,00"
08228,2019,"57,14"
08225,2019,"60,00"
08224,2019,"33,33"
08226,2019,"62,50"
08229,2019,"42,86"
08189,2019,"40,00"
08231,2019,"50,00"
08232,2019,"46,15"
08233,2019,"50,00"
08234,2019,"33,33"
08235,2019,"46,15"
08236,2019,"45,45"
08239,2019,"57,14"
08237,2019,"50,00"
08238,2019,"62,50"
08240,2019,"43,75"
08241,2019,"33,33"
08098,2019,"54,55"
08262,2019,"61,54"
08264,2019,"38,46"
08265,2019,"45,45"
08263,2019,"50,00"
08243,2019,"50,00"
08244,2019,"61,54"
08245,2019,"44,44"
08246,2019,"33,33"
08247,2019,"44,44"
08248,2019,"46,15"
08249,2019,"14,29"
08250,2019,"50,00"
08251,2019,"61,54"
08258,2019,"50,00"
08253,2019,"25,00"
08256,2019,"28,57"
08255,2019,"20,00"
08257,2019,"66,67"
08259,2019,"62,50"
08260,2019,"40,00"
08261,2019,"45,45"
08192,2019,"30,77"
08267,2019,"42,86"
08269,2019,"41,67"
08270,2019,"42,86"
08271,2019,"66,67"
08272,2019,"40,00"
08273,2019,"36,36"
08274,2019,"50,00"
08276,2019,"57,14"
08277,2019,"40,00"
08278,2019,"53,85"
08280,2019,"40,00"
08275,2019,"42,86"
08281,2019,"38,46"
08279,2019,"41,38"
08282,2019,"50,00"
08283,2019,"40,00"
08284,2019,"44,44"
08285,2019,"43,75"
08287,2019,"55,56"
08288,2019,"27,27"
08289,2019,"46,15"
08290,2019,"60,00"
08291,2019,"61,54"
08292,2019,"33,33"
08293,2019,"20,00"
08294,2019,"45,45"
08295,2019,"56,25"
08296,2019,"36,36"
08297,2019,"25,00"
08298,2019,"61,90"
08299,2019,"42,86"
08301,2019,"57,14"
08300,2019,"35,71"
08305,2019,"42,86"
08306,2019,"42,86"
08303,2019,"57,14"
08302,2019,"52,94"
08902,2019,"61,54"
08307,2019,"52,00"
08214,2019,"53,85"
08219,2019,"34,78"
08304,2019,"44,44"
08308,2019,"60,00"
08143,2019,"45,45"
08153,2019,"57,14"
08001,2023,
08002,2023,
08014,2023,
08003,2023,
08004,2023,
08006,2023,
08007,2023,
08009,2023,
08008,2023,
08010,2023,
08013,2023,
08012,2023,
08011,2023,
08015,2023,
08904,2023,
08016,2023,
08017,2023,
08018,2023,
08252,2023,
08019,2023,
08020,2023,
08021,2023,
08022,2023,
08023,2023,
08024,2023,
08028,2023,
08029,2023,
08030,2023,
08031,2023,
08034,2023,
08032,2023,
08033,2023,
08035,2023,
08037,2023,
08038,2023,
08036,2023,
08039,2023,
08040,2023,
08041,2023,
08043,2023,
08044,2023,
08045,2023,
08046,2023,
08047,2023,
08048,2023,
08049,2023,
08057,2023,
08052,2023,
08050,2023,
08051,2023,
08053,2023,
08054,2023,
08055,2023,
08056,2023,
08058,2023,
08060,2023,
08059,2023,
08061,2023,
08062,2023,
08063,2023,
08064,2023,
08066,2023,
08065,2023,
08067,2023,
08268,2023,
08266,2023,
08068,2023,
08069,2023,
08070,2023,
08071,2023,
08072,2023,
08073,2023,
08074,2023,
08042,2023,
08075,2023,
08025,2023,
08026,2023,
08118,2023,
08158,2023,
08164,2023,
08182,2023,
08169,2023,
08162,2023,
08170,2023,
08076,2023,
08077,2023,
08134,2023,
08081,2023,
08082,2023,
08083,2023,
08084,2023,
08085,2023,
08080,2023,
08090,2023,
08087,2023,
08089,2023,
08091,2023,
08092,2023,
08093,2023,
08095,2023,
08096,2023,
08097,2023,
08099,2023,
08100,2023,
08102,2023,
08103,2023,
08005,2023,
08078,2023,
08254,2023,
08079,2023,
08101,2023,
08088,2023,
08094,2023,
08104,2023,
08105,2023,
08142,2023,
08905,2023,
08165,2023,
08166,2023,
08177,2023,
08181,2023,
08286,2023,
08027,2023,
08086,2023,
08116,2023,
08117,2023,
08106,2023,
08107,2023,
08108,2023,
08109,2023,
08110,2023,
08111,2023,
08112,2023,
08113,2023,
08242,2023,
08114,2023,
08115,2023,
08119,2023,
08120,2023,
08121,2023,
08122,2023,
08138,2023,
08123,2023,
08124,2023,
08128,2023,
08127,2023,
08125,2023,
08130,2023,
08131,2023,
08126,2023,
08132,2023,
08133,2023,
08135,2023,
08136,2023,
08137,2023,
08129,2023,
08139,2023,
08140,2023,
08141,2023,
08146,2023,
08147,2023,
08148,2023,
08149,2023,
08144,2023,
08145,2023,
08151,2023,
08152,2023,
08150,2023,
08154,2023,
08155,2023,
08156,2023,
08157,2023,
08159,2023,
08160,2023,
08161,2023,
08163,2023,
08167,2023,
08168,2023,
08171,2023,
08230,2023,
08172,2023,
08175,2023,
08174,2023,
08176,2023,
08178,2023,
08179,2023,
08180,2023,
08183,2023,
08185,2023,
08184,2023,
08901,2023,
08187,2023,
08188,2023,
08190,2023,
08191,2023,
08194,2023,
08195,2023,
08197,2023,
08196,2023,
08198,2023,
08199,2023,
08200,2023,
08201,2023,
08203,2023,
08202,2023,
08204,2023,
08206,2023,
08205,2023,
08208,2023,
08207,2023,
08212,2023,
08210,2023,
08211,2023,
08209,2023,
08213,2023,
08215,2023,
08193,2023,
08216,2023,
08217,2023,
08218,2023,
08903,2023,
08220,2023,
08221,2023,
08223,2023,
08222,2023,
08227,2023,
08228,2023,
08225,2023,
08224,2023,
08226,2023,
08229,2023,
08189,2023,
08231,2023,
08232,2023,
08233,2023,
08234,2023,
08235,2023,
08236,2023,
08239,2023,
08237,2023,
08238,2023,
08240,2023,
08241,2023,
08098,2023,
08262,2023,
08264,2023,
08265,2023,
08263,2023,
08243,2023,
08244,2023,
08245,2023,
08246,2023,
08247,2023,
08248,2023,
08249,2023,
08250,2023,
08251,2023,
08258,2023,
08253,2023,
08256,2023,
08255,2023,
08257,2023,
08259,2023,
08260,2023,
08261,2023,
08192,2023,
08267,2023,
08269,2023,
08270,2023,
08271,2023,
08272,2023,
08273,2023,
08274,2023,
08276,2023,
08277,2023,
08278,2023,
08280,2023,
08275,2023,
08281,2023,
08279,2023,
08282,2023,
08283,2023,
08284,2023,
08285,2023,
08287,2023,
08288,2023,
08289,2023,
08290,2023,
08291,2023,
08292,2023,
08293,2023,
08294,2023,
08295,2023,
08296,2023,
08297,2023,
08298,2023,
08299,2023,
08301,2023,
08300,2023,
08305,2023,
08306,2023,
08303,2023,
08302,2023,
08902,2023,
08307,2023,
08214,2023,
08219,2023,
08304,2023,
08308,2023,
08143,2023,
08153,2023,